,text,label,Dependency management_prediction,Dependency management_label,Support_prediction,Support_label,Testing_prediction,Testing_label,Reporting_prediction,Reporting_label,Mobile CI_prediction,Mobile CI_label,Community_prediction,Community_label,Security_prediction,Security_label,Chat_prediction,Chat_label,IDEs_prediction,IDEs_label,Monitoring_prediction,Monitoring_label,Code review_prediction,Code review_label,Code quality_prediction,Code quality_label,Publishing_prediction,Publishing_label,Project management_prediction,Project management_label,API management_prediction,API management_label,Open Source management_prediction,Open Source management_label,Mobile_prediction,Mobile_label,Code search_prediction,Code search_label,GitHub Sponsors_prediction,GitHub Sponsors_label,Continuous integration_prediction,Continuous integration_label,Deployment_prediction,Deployment_label,Container CI_prediction,Container CI_label,Localization_prediction,Localization_label,Utilities_prediction,Utilities_label,Desktop tools_prediction,Desktop tools_label,AI Assisted_prediction,AI Assisted_label,Time tracking_prediction,Time tracking_label,Code Scanning Ready_prediction,Code Scanning Ready_label,Backup Utilities_prediction,Backup Utilities_label,Learning_prediction,Learning_label
262,   "" # the following input gets passed to the private action","[0, 0, 0, 0, 0, 0, 0, 0, 0, 0, 0, 0, 0, 0, 0, 0, 0, 0, 0, 1, 0, 0, 0, 1, 0, 0, 0, 0, 0, 0]",0,tensor(0),0,tensor(0),0,tensor(0),0,tensor(0),0,tensor(0),0,tensor(0),0,tensor(0),0,tensor(0),0,tensor(0),0,tensor(0),0,tensor(0),0,tensor(0),0,tensor(0),0,tensor(0),0,tensor(0),0,tensor(0),0,tensor(0),0,tensor(0),0,tensor(0),1,tensor(1),0,tensor(0),0,tensor(0),0,tensor(0),1,tensor(1),0,tensor(0),0,tensor(0),0,tensor(0),0,tensor(0),0,tensor(0),0,tensor(0)
263,"# Ignore generated kubeconfig from google-github-actions/get-gke-credentials
    # The KUBECONFIG env var is automatically exported and picked up by kubectl.
","[0, 0, 0, 0, 0, 0, 1, 0, 0, 0, 0, 0, 0, 0, 0, 0, 0, 0, 0, 0, 1, 0, 0, 0, 0, 0, 0, 0, 0, 0]",0,tensor(0),0,tensor(0),0,tensor(0),0,tensor(0),0,tensor(0),0,tensor(0),1,tensor(0),0,tensor(0),0,tensor(0),0,tensor(0),0,tensor(0),0,tensor(0),0,tensor(0),0,tensor(0),0,tensor(0),0,tensor(0),0,tensor(0),0,tensor(0),0,tensor(0),0,tensor(0),1,tensor(1),0,tensor(0),0,tensor(0),0,tensor(0),0,tensor(0),0,tensor(0),0,tensor(0),0,tensor(0),0,tensor(0),0,tensor(0)
264,"
# Configuration for Label Actions - https://github.com/dessant/label-actions
# The `heated` label is added to issues, pull requests or discussions
  # Post a comment
  # Lock the thread
  # Set a lock reason
  # Additionally, add a label to pull requests
# The `heated` label is removed from issues, pull requests or discussions
  # Unlock the thread
# The `wontfix` label is removed from issues
    # Reopen the issue
# The `feature` label is added to issues
    # Post a comment, `{issue-author}` is an optional placeholder
    # Close the issue
    # Set a close reason
# The `wip` label is added to pull requests
    # Add labels
# The `wip` label is removed from pull requests
    # Add label
    # Remove labels
# The `solved` label is added to discussions
    # Close the discussion
    # Set a close reason
    # Lock the discussion
# The `pizzazz` label is added to issues, pull requests or discussions
  # Post comments
","[0, 0, 0, 0, 0, 0, 0, 0, 0, 0, 0, 0, 0, 1, 0, 0, 0, 0, 0, 0, 0, 0, 0, 1, 0, 0, 0, 0, 0, 0]",0,tensor(0),0,tensor(0),0,tensor(0),0,tensor(0),0,tensor(0),0,tensor(0),0,tensor(0),0,tensor(0),0,tensor(0),0,tensor(0),0,tensor(0),0,tensor(0),0,tensor(0),1,tensor(0),0,tensor(0),0,tensor(0),0,tensor(0),0,tensor(0),0,tensor(0),0,tensor(0),0,tensor(0),0,tensor(0),0,tensor(0),1,tensor(1),0,tensor(0),0,tensor(0),0,tensor(0),0,tensor(0),0,tensor(0),0,tensor(0)
265,"# Changelog
## [Unreleased]
### Added
## [0.2.0] - 2020-11-10
### Added
## [0.1.1] - 2020-10-10
### Changed
## [0.1.0] - 2020-09-10
### Added
","[0, 0, 0, 0, 0, 0, 0, 0, 0, 0, 0, 0, 0, 1, 0, 0, 0, 0, 0, 1, 0, 0, 0, 0, 0, 0, 0, 0, 0, 0]",0,tensor(0),0,tensor(0),0,tensor(0),0,tensor(0),0,tensor(0),0,tensor(0),0,tensor(0),0,tensor(0),0,tensor(0),0,tensor(0),0,tensor(0),0,tensor(0),0,tensor(0),1,tensor(0),0,tensor(0),0,tensor(0),0,tensor(0),0,tensor(0),0,tensor(0),1,tensor(1),0,tensor(0),0,tensor(0),0,tensor(0),0,tensor(0),0,tensor(0),0,tensor(0),0,tensor(0),0,tensor(0),0,tensor(0),0,tensor(0)
266, " # required to run on Linux because this is a docker container action","[0, 0, 0, 0, 0, 0, 0, 0, 0, 0, 1, 0, 0, 0, 0, 0, 1, 0, 0, 0, 0, 0, 0, 0, 0, 0, 0, 0, 0, 0]",0,tensor(0),0,tensor(0),0,tensor(0),0,tensor(0),0,tensor(0),0,tensor(0),0,tensor(0),0,tensor(0),0,tensor(0),0,tensor(0),1,tensor(1),0,tensor(1),0,tensor(0),0,tensor(0),0,tensor(0),0,tensor(0),1,tensor(0),0,tensor(0),0,tensor(0),0,tensor(0),0,tensor(0),0,tensor(0),0,tensor(0),0,tensor(0),0,tensor(0),0,tensor(0),0,tensor(0),0,tensor(0),0,tensor(0),0,tensor(0)
267,   "# ktlint","[0, 0, 0, 0, 0, 0, 0, 0, 0, 0, 1, 1, 0, 0, 0, 0, 0, 0, 0, 0, 0, 0, 0, 0, 0, 0, 0, 0, 0, 0]",0,tensor(0),0,tensor(0),0,tensor(0),0,tensor(0),0,tensor(0),0,tensor(0),0,tensor(0),0,tensor(0),0,tensor(0),0,tensor(0),1,tensor(1),1,tensor(1),0,tensor(0),0,tensor(0),0,tensor(0),0,tensor(0),0,tensor(0),0,tensor(0),0,tensor(0),0,tensor(0),0,tensor(0),0,tensor(0),0,tensor(0),0,tensor(0),0,tensor(0),0,tensor(0),0,tensor(0),0,tensor(0),0,tensor(0),0,tensor(0)
268,"# Install dependencies
# Run typescript

## Required Information
## Issue Description

# list of primary rules
# List of secondary rules to run if no matches detected in primary rules
# List that always runs after rules and nomatches. Look for missing sets of tags here.
","[0, 0, 0, 0, 0, 0, 0, 0, 0, 0, 0, 0, 0, 1, 0, 1, 0, 0, 0, 0, 0, 0, 0, 0, 0, 0, 0, 0, 0, 0]",0,tensor(0),0,tensor(0),0,tensor(0),0,tensor(0),0,tensor(0),0,tensor(0),0,tensor(0),0,tensor(0),0,tensor(0),0,tensor(0),0,tensor(0),0,tensor(0),0,tensor(0),1,tensor(1),0,tensor(0),1,tensor(1),0,tensor(0),0,tensor(0),0,tensor(0),0,tensor(0),0,tensor(0),0,tensor(0),0,tensor(0),0,tensor(0),0,tensor(0),0,tensor(0),0,tensor(0),0,tensor(0),0,tensor(0),0,tensor(0)
269,"#!/usr/bin/env kotlin","[0, 0, 0, 0, 0, 0, 0, 0, 1, 0, 0, 0, 0, 0, 0, 0, 0, 0, 0, 1, 0, 0, 0, 0, 0, 0, 0, 0, 0, 0]",0,tensor(0),0,tensor(0),0,tensor(0),0,tensor(0),0,tensor(0),0,tensor(0),0,tensor(0),0,tensor(0),1,tensor(0),0,tensor(0),0,tensor(0),0,tensor(0),0,tensor(0),0,tensor(0),0,tensor(0),0,tensor(0),0,tensor(0),0,tensor(0),0,tensor(0),1,tensor(1),0,tensor(1),0,tensor(0),0,tensor(0),0,tensor(0),0,tensor(0),0,tensor(0),0,tensor(0),0,tensor(0),0,tensor(0),0,tensor(0)
270,"          # You should create a personal access token and store it in your repository
# Controls when the action will run. Triggers the workflow on repository_dispatch and filters by type of event (i.e. `event_type`)

# Dispatcher workflow in submodule

# Consuming workflow in parent repository
","[0, 0, 0, 0, 0, 0, 0, 0, 0, 0, 0, 0, 0, 0, 0, 0, 0, 0, 0, 1, 0, 0, 0, 1, 0, 0, 0, 0, 0, 0]",0,tensor(0),0,tensor(0),0,tensor(0),0,tensor(0),0,tensor(0),0,tensor(0),0,tensor(0),0,tensor(0),0,tensor(0),0,tensor(0),0,tensor(0),0,tensor(0),0,tensor(0),0,tensor(0),0,tensor(0),0,tensor(0),0,tensor(0),0,tensor(0),0,tensor(0),1,tensor(1),0,tensor(0),0,tensor(0),0,tensor(0),1,tensor(1),0,tensor(0),0,tensor(0),0,tensor(0),0,tensor(0),0,tensor(0),0,tensor(0)
271,"        # https://github.com/koalaman/shellcheck#how-to-use
        # https://github.com/koalaman/shellcheck#how-to-use
","[0, 0, 0, 0, 0, 0, 0, 0, 0, 0, 1, 1, 0, 0, 0, 0, 0, 0, 0, 0, 0, 0, 0, 0, 0, 0, 0, 0, 0, 0]",0,tensor(0),0,tensor(0),0,tensor(0),0,tensor(0),0,tensor(0),0,tensor(0),0,tensor(0),0,tensor(0),0,tensor(0),0,tensor(0),1,tensor(1),1,tensor(1),0,tensor(0),0,tensor(0),0,tensor(0),0,tensor(0),0,tensor(0),0,tensor(0),0,tensor(0),0,tensor(0),0,tensor(0),0,tensor(0),0,tensor(0),0,tensor(0),0,tensor(0),0,tensor(0),0,tensor(0),0,tensor(0),0,tensor(0),0,tensor(0)
272,"
# This workflow will install dependencies, create coverage tests and run Pytest Coverage Comment
# For more information see: https://github.com/MishaKav/pytest-coverage-comment/
","[0, 0, 1, 1, 0, 0, 0, 0, 0, 0, 0, 0, 0, 0, 0, 0, 0, 0, 0, 0, 0, 0, 0, 0, 0, 0, 0, 0, 0, 0]",0,tensor(0),0,tensor(0),1,tensor(1),1,tensor(1),0,tensor(0),0,tensor(0),0,tensor(0),0,tensor(0),0,tensor(0),0,tensor(0),0,tensor(0),0,tensor(0),0,tensor(0),0,tensor(0),0,tensor(0),0,tensor(0),0,tensor(0),0,tensor(0),0,tensor(0),0,tensor(0),0,tensor(0),0,tensor(0),0,tensor(0),0,tensor(0),0,tensor(0),0,tensor(0),0,tensor(0),0,tensor(0),0,tensor(0),0,tensor(0)
273,"
  # we now use semantic versioning for the action
  # you could also use `...@v1.4.1`
  # or the git sha directly `...@5d5dbebd87f7b9358c403c7a66651fa92b310105`
    # environment-file is not assumed anymore
    # now called cache-environment
    # all supported versions are fetched from https://github.com/mamba-org/micromamba-releases/releases now and contain the build number
    # don\'t provide environment-file as argument if you don\'t want to specify one
    # conda-forge is the default channel now and does not need to be specified
    # arguments such as channel or channel-priority that belong in the condarc should be specified there
    # or in a .condarc file which can be referenced with `condarc-file: .condarc`
      # Linux and macOS
      # Windows
      # With Powershell:
      # Or with cmd:
# Or top-level:
","[1, 0, 0, 0, 0, 0, 0, 0, 0, 0, 0, 0, 0, 0, 0, 0, 0, 0, 0, 1, 0, 0, 0, 0, 0, 0, 0, 0, 0, 0]",1,tensor(1),0,tensor(0),0,tensor(0),0,tensor(0),0,tensor(0),0,tensor(0),0,tensor(0),0,tensor(0),0,tensor(0),0,tensor(0),0,tensor(0),0,tensor(0),0,tensor(0),0,tensor(0),0,tensor(0),0,tensor(0),0,tensor(0),0,tensor(0),0,tensor(0),1,tensor(1),0,tensor(0),0,tensor(0),0,tensor(0),0,tensor(0),0,tensor(0),0,tensor(0),0,tensor(0),0,tensor(0),0,tensor(0),0,tensor(0)
274,    "  # Make changes to pull request here","[0, 0, 0, 0, 0, 0, 0, 0, 0, 0, 0, 0, 0, 1, 0, 0, 0, 0, 0, 1, 0, 0, 0, 0, 0, 0, 0, 0, 0, 0]",0,tensor(0),0,tensor(0),0,tensor(0),0,tensor(0),0,tensor(0),0,tensor(0),0,tensor(0),0,tensor(0),0,tensor(0),0,tensor(0),0,tensor(0),0,tensor(0),0,tensor(0),1,tensor(0),0,tensor(0),0,tensor(0),0,tensor(0),0,tensor(0),0,tensor(0),1,tensor(0),0,tensor(0),0,tensor(0),0,tensor(0),0,tensor(1),0,tensor(0),0,tensor(0),0,tensor(0),0,tensor(0),0,tensor(0),0,tensor(0)
275,"      # It is important to install java before installing clojure tools which needs java
      # exclusions: babashka, clj-kondo and cljstyle
          # Install just one or all simultaneously
          # The value must indicate a particular version of the tool, or use \'latest\'
          # to always provision the latest version
      # Optional step:
          # List all files containing dependencies:
          # key: cljdeps-${{ hashFiles(\'deps.edn\', \'bb.edn\') }}
          # key: cljdeps-${{ hashFiles(\'project.clj\') }}
          # key: cljdeps-${{ hashFiles(\'build.boot\') }}
        # cljstyle is not yet available for windows
","[0, 0, 0, 0, 0, 0, 0, 0, 0, 0, 0, 0, 0, 0, 0, 0, 0, 0, 0, 1, 0, 0, 0, 1, 0, 0, 0, 0, 0, 0]",0,tensor(0),0,tensor(0),0,tensor(0),0,tensor(0),0,tensor(0),0,tensor(0),0,tensor(0),0,tensor(0),0,tensor(0),0,tensor(0),0,tensor(0),0,tensor(0),0,tensor(0),0,tensor(0),0,tensor(0),0,tensor(0),0,tensor(0),0,tensor(0),0,tensor(0),1,tensor(1),0,tensor(0),0,tensor(0),0,tensor(0),1,tensor(1),0,tensor(0),0,tensor(0),0,tensor(0),0,tensor(0),0,tensor(0),0,tensor(0)
276,"
# You should have Docker on your local and running.
# Docker image must follow the environment variables or they will not set.
","[0, 0, 0, 0, 0, 0, 0, 0, 0, 0, 0, 0, 0, 0, 0, 0, 0, 0, 0, 1, 1, 0, 0, 0, 0, 0, 0, 0, 0, 0]",0,tensor(0),0,tensor(0),0,tensor(0),0,tensor(0),0,tensor(0),0,tensor(0),0,tensor(0),0,tensor(0),0,tensor(0),0,tensor(0),0,tensor(0),0,tensor(0),0,tensor(0),0,tensor(0),0,tensor(0),0,tensor(0),0,tensor(0),0,tensor(0),0,tensor(0),1,tensor(1),1,tensor(1),0,tensor(0),0,tensor(0),0,tensor(0),0,tensor(0),0,tensor(0),0,tensor(0),0,tensor(0),0,tensor(0),0,tensor(0)
277,"    # You can change the name of the tag or branch with this input.
    # Default: \'latest\'
    # If a description is provided, the action will use it to create an annotated tag. If none is given, the action will create a lightweight tag.
    # Default: \'\'
    # Force-update a branch instead of using a tag.
    # Default: false
","[0, 0, 0, 0, 0, 0, 0, 0, 0, 0, 0, 0, 0, 0, 0, 1, 0, 0, 0, 0, 0, 0, 0, 1, 0, 0, 0, 0, 0, 0]",0,tensor(0),0,tensor(0),0,tensor(0),0,tensor(0),0,tensor(0),0,tensor(0),0,tensor(0),0,tensor(0),0,tensor(0),0,tensor(0),0,tensor(0),0,tensor(0),0,tensor(0),0,tensor(0),0,tensor(0),1,tensor(0),0,tensor(0),0,tensor(0),0,tensor(0),0,tensor(0),0,tensor(0),0,tensor(0),0,tensor(0),1,tensor(1),0,tensor(0),0,tensor(0),0,tensor(0),0,tensor(0),0,tensor(0),0,tensor(0)
278,"          # Finding the version from release name
# Some common regular expressions include:
## \'\\.msi$\'      -> All MSI\'s
## \'\\.exe$\'      -> All EXE\'s
## \'\\.(exe|msi)\' -> All EXE\'s and MSI\'s
## \'\\.zip$\'      -> All ZIP\'s
","[0, 0, 0, 0, 0, 0, 0, 0, 0, 0, 0, 0, 1, 0, 0, 0, 0, 0, 0, 0, 1, 0, 0, 0, 0, 0, 0, 0, 0, 0]",0,tensor(0),0,tensor(0),0,tensor(0),0,tensor(0),0,tensor(0),0,tensor(0),0,tensor(0),0,tensor(0),0,tensor(0),0,tensor(0),0,tensor(0),0,tensor(0),1,tensor(1),0,tensor(0),0,tensor(0),0,tensor(0),0,tensor(0),0,tensor(0),0,tensor(0),0,tensor(0),1,tensor(1),0,tensor(0),0,tensor(0),0,tensor(0),0,tensor(0),0,tensor(0),0,tensor(0),0,tensor(0),0,tensor(0),0,tensor(0)
279,"    # All these parameters are optional,
    # check their descriptions to see if you need them.
    # Whether to search in every commit\'s diff.
    # This is useful if you often do change the version without saying it in the
    # commit message. If you always include the semver of the new version in your
    # commit message when you bump versions then you can omit this.
    # Default: false
    # You can use this to indicate a custom path to your `package.json`. If you keep
    # your package file in the root directory (which is the usual approach) you can
    # omit this.
    # Default: package.json
    # You can put your bearer GitHub token here. This is needed only when running
    # the action on private repostiories, if you\'re running it on a public repo you
    # can omit this.
    # If you need to set this, you can use the built-in `GITHUB_TOKEN` secret that 
    # GitHub generates for your repo\'s actions: you can find more info about it here:
    # https://help.github.com/en/github/automating-your-workflow-with-github-actions/virtual-environments-for-github-actions#github_token-secret
    # Default: \'\'
    # You can use this to make the action use an URL to get the package file,
    # instead of using the one in your repo.
    # Please note that the action will expect the version from that package file to
    # be the same as the one that has been added in the commit: if you want to
    # change this behavior take a look at the `assume-same-version` option.
    # You can also set this to \'::before\', and the action will use the file from
    # before the push event.
    # Default: \'\'
    # You can use this to make the action use the current version (either from the
    # local file or the provided URL, see the `file-url` option) as either the added
    # or deleted version.
    # Accepted values are \'new\' (if you want that version to be the ""added"" one) and
    # \'old\' (to make it the ""deleted"" one).
    # Default: \'\'
    # You can use this option to make the action check the local version against the
    # remote one (from the provided URL, see the `file-url` option).
    # Accepted values are \'localIsNew\' (if you expect the local version to be newer
    # than the remote one) and `remoteIsNew`.
    # Please note that using the wrong value may make the action detect the change
    # but fail to identify the type.
    # Default: \'\'
    # If you are using an instance of GitHub Enterprise you can use this option to
    # change the location of your GitHub api url.
    # Default: \'https://api.github.com\'
","[0, 0, 0, 0, 0, 0, 0, 0, 0, 0, 0, 0, 1, 0, 0, 0, 0, 0, 0, 0, 1, 0, 0, 0, 0, 0, 0, 0, 0, 0]",0,tensor(0),0,tensor(0),0,tensor(0),0,tensor(0),0,tensor(0),0,tensor(0),0,tensor(0),0,tensor(0),0,tensor(0),0,tensor(0),0,tensor(0),0,tensor(0),1,tensor(1),0,tensor(0),0,tensor(0),0,tensor(0),0,tensor(0),0,tensor(0),0,tensor(0),0,tensor(0),1,tensor(1),0,tensor(0),0,tensor(0),0,tensor(0),0,tensor(0),0,tensor(0),0,tensor(0),0,tensor(0),0,tensor(0),0,tensor(0)
280,"          # (Required) Personal access token to perform action on the VS Marketplace
          # (Required) Path to the manifest used for the publish
          # (Optional) Fetch the latest release container a vsix package for upload to the VS Marketplace
          # (Required) Personal access token to perform action on the VS Marketplace
          # (Required) Path to the manifest used for the publish
          # (Optional) Path to an extension package
","[0, 0, 0, 0, 0, 0, 0, 0, 0, 0, 0, 0, 1, 0, 0, 0, 0, 0, 0, 0, 1, 0, 0, 0, 0, 0, 0, 0, 0, 0]",0,tensor(0),0,tensor(0),0,tensor(0),0,tensor(0),0,tensor(0),0,tensor(0),0,tensor(0),0,tensor(0),0,tensor(0),0,tensor(0),0,tensor(0),0,tensor(0),1,tensor(1),0,tensor(0),0,tensor(0),0,tensor(0),0,tensor(0),0,tensor(0),0,tensor(0),0,tensor(0),1,tensor(1),0,tensor(0),0,tensor(0),0,tensor(0),0,tensor(0),0,tensor(0),0,tensor(0),0,tensor(0),0,tensor(0),0,tensor(0)
281,        ""  # create DEBIAN directory if you want to add other pre/post scripts","[0, 0, 1, 0, 0, 0, 0, 0, 0, 0, 0, 0, 0, 0, 0, 0, 0, 0, 0, 1, 0, 0, 0, 0, 0, 0, 0, 0, 0, 0]",0,tensor(0),0,tensor(0),1,tensor(1),0,tensor(0),0,tensor(0),0,tensor(0),0,tensor(0),0,tensor(0),0,tensor(0),0,tensor(0),0,tensor(0),0,tensor(0),0,tensor(0),0,tensor(0),0,tensor(0),0,tensor(0),0,tensor(0),0,tensor(0),0,tensor(0),1,tensor(1),0,tensor(0),0,tensor(0),0,tensor(0),0,tensor(0),0,tensor(0),0,tensor(0),0,tensor(0),0,tensor(0),0,tensor(0),0,tensor(0)
282,"  # This workflow checks if a user has starred a repository and takes actions
        # label: ""stargazed""
        # autoclose: true
","[0, 0, 0, 0, 0, 0, 0, 0, 0, 0, 0, 0, 0, 0, 0, 1, 0, 0, 0, 0, 0, 0, 0, 1, 0, 0, 0, 0, 0, 0]",0,tensor(0),0,tensor(0),0,tensor(0),0,tensor(0),0,tensor(0),0,tensor(0),0,tensor(0),0,tensor(0),0,tensor(0),0,tensor(0),0,tensor(0),0,tensor(0),0,tensor(0),0,tensor(0),0,tensor(0),1,tensor(0),0,tensor(0),0,tensor(0),0,tensor(0),0,tensor(0),0,tensor(0),0,tensor(0),0,tensor(0),1,tensor(1),0,tensor(0),0,tensor(0),0,tensor(0),0,tensor(0),0,tensor(0),0,tensor(0)
283,"##[error]An action could not be found at the URI 'https://api.github.com/repos/rlespinasse/github-slug-action/tarball/GIT_REFERENCE'","[0, 0, 0, 0, 0, 0, 0, 0, 0, 0, 0, 0, 0, 0, 0, 0, 0, 0, 0, 1, 0, 0, 0, 1, 0, 0, 0, 0, 0, 0]",0,tensor(0),0,tensor(0),0,tensor(0),0,tensor(0),0,tensor(0),0,tensor(0),0,tensor(0),0,tensor(0),0,tensor(0),0,tensor(0),0,tensor(0),0,tensor(0),0,tensor(0),0,tensor(0),0,tensor(0),0,tensor(0),0,tensor(0),0,tensor(0),0,tensor(0),1,tensor(1),0,tensor(0),0,tensor(0),0,tensor(0),1,tensor(1),0,tensor(0),0,tensor(0),0,tensor(0),0,tensor(0),0,tensor(0),0,tensor(0)
284,"  # Now you can push images, and pull private ones, from quay.io as \'quayuser\'.
  # Now you can push images, and pull private ones, from ghcr.io.
  # Now you can push images, and pull private ones, from ECR.
","[0, 0, 0, 0, 0, 0, 0, 0, 0, 0, 0, 0, 0, 0, 0, 0, 0, 0, 0, 0, 0, 1, 0, 1, 0, 0, 0, 0, 0, 0]",0,tensor(0),0,tensor(0),0,tensor(0),0,tensor(0),0,tensor(0),0,tensor(0),0,tensor(0),0,tensor(0),0,tensor(0),0,tensor(0),0,tensor(0),0,tensor(0),0,tensor(0),0,tensor(0),0,tensor(0),0,tensor(0),0,tensor(0),0,tensor(0),0,tensor(0),0,tensor(0),0,tensor(0),1,tensor(0),0,tensor(0),1,tensor(1),0,tensor(0),0,tensor(0),0,tensor(0),0,tensor(0),0,tensor(0),0,tensor(0)
285,"
# In the case of no checkout action call in the whole build script, following action should be called before executing the doxygenize action
","[0, 0, 0, 0, 0, 0, 0, 0, 0, 0, 0, 0, 1, 0, 0, 0, 0, 0, 0, 1, 0, 0, 0, 0, 0, 0, 0, 0, 0, 0]",0,tensor(0),0,tensor(0),0,tensor(0),0,tensor(0),0,tensor(0),0,tensor(0),0,tensor(0),0,tensor(0),0,tensor(0),0,tensor(0),0,tensor(0),0,tensor(0),1,tensor(0),0,tensor(0),0,tensor(0),0,tensor(0),0,tensor(0),0,tensor(0),0,tensor(0),1,tensor(1),0,tensor(1),0,tensor(0),0,tensor(0),0,tensor(0),0,tensor(0),0,tensor(0),0,tensor(0),0,tensor(0),0,tensor(0),0,tensor(0)
286,"      # required for all workflows
      # only required for workflows in private repositories

# ...
# ...
","[0, 0, 1, 0, 0, 0, 0, 0, 0, 0, 0, 1, 0, 0, 0, 0, 0, 0, 0, 0, 0, 0, 0, 0, 0, 0, 0, 0, 0, 0]",0,tensor(0),0,tensor(0),1,tensor(1),0,tensor(0),0,tensor(0),0,tensor(0),0,tensor(0),0,tensor(0),0,tensor(0),0,tensor(0),0,tensor(0),1,tensor(1),0,tensor(0),0,tensor(0),0,tensor(0),0,tensor(0),0,tensor(0),0,tensor(0),0,tensor(0),0,tensor(0),0,tensor(0),0,tensor(0),0,tensor(0),0,tensor(0),0,tensor(0),0,tensor(0),0,tensor(0),0,tensor(0),0,tensor(0),0,tensor(0)
287,"  # for OSS with public contributions (forked PR)   
  # Useful for triaging code review, and generate compliance status check.
  # Semantic release? Done.
  # Make a file change in a mono repo. Tag the mono repo getting changed to generate better release!
  # Useful for triaging error!
  # \'- [x] Is this a bug?\' = \'bug\' label!
  # To pickup comment body in pr or issue and generate a label. 
  # Imagine someone comment \'Me too, I get TimeoutException from ...\' in comment body. 
  # Generate a \'bug/timeout\' label for better triaging!
  # Setting up permissions in the workflow to limit the scope of what it can do. Optional!
      # follows semantic versioning. Lock to different version: v1, v1.5, v1.5.0 or use a commit hash.

# .github/labeler.yml
      # Matcher will match on any 8 matchers
# Optional, if you want labels to generate a success/failure status check
      # e.g. \'- [x] bug\'
      # This is shorthand for any: ["".github/**""]
      # This is shorthand for any: [""web/security/**"", ""security/**""]
","[0, 0, 0, 0, 0, 0, 0, 0, 0, 0, 0, 0, 0, 1, 0, 0, 0, 0, 0, 0, 0, 0, 0, 1, 0, 0, 0, 0, 0, 0]",0,tensor(0),0,tensor(0),0,tensor(0),0,tensor(0),0,tensor(0),0,tensor(0),0,tensor(0),0,tensor(0),0,tensor(0),0,tensor(0),0,tensor(0),0,tensor(0),0,tensor(0),1,tensor(0),0,tensor(0),0,tensor(0),0,tensor(0),0,tensor(0),0,tensor(0),0,tensor(0),0,tensor(0),0,tensor(0),0,tensor(0),1,tensor(1),0,tensor(0),0,tensor(0),0,tensor(0),0,tensor(0),0,tensor(0),0,tensor(0)
288,"
# Install the dependencies  
# Verify lint is happy
# Build the typescript and package it for distribution
# Run the tests, use to debug, and test it out
","[1, 0, 0, 0, 0, 0, 1, 0, 0, 0, 0, 0, 0, 0, 0, 0, 0, 0, 0, 0, 0, 0, 0, 0, 0, 0, 0, 0, 0, 0]",1,tensor(1),0,tensor(0),0,tensor(0),0,tensor(0),0,tensor(0),0,tensor(0),1,tensor(1),0,tensor(0),0,tensor(0),0,tensor(0),0,tensor(0),0,tensor(0),0,tensor(0),0,tensor(0),0,tensor(0),0,tensor(0),0,tensor(0),0,tensor(0),0,tensor(0),0,tensor(0),0,tensor(0),0,tensor(0),0,tensor(0),0,tensor(0),0,tensor(0),0,tensor(0),0,tensor(0),0,tensor(0),0,tensor(0),0,tensor(0)
289,"    # The name that should be used when adding the source if not present.
    # The action will check if the name exists; if it does, then its url/path
    # is updated to point to the desired URL value.
    # The url that should be present and enabled in the source list. If not
    # present, will be added. If present and disabled, enabled.
","[1, 0, 0, 0, 0, 0, 0, 0, 0, 0, 0, 0, 0, 0, 0, 0, 0, 0, 0, 0, 0, 0, 0, 1, 0, 0, 0, 0, 0, 0]",1,tensor(1),0,tensor(0),0,tensor(0),0,tensor(0),0,tensor(0),0,tensor(0),0,tensor(0),0,tensor(0),0,tensor(0),0,tensor(0),0,tensor(0),0,tensor(0),0,tensor(0),0,tensor(0),0,tensor(0),0,tensor(0),0,tensor(0),0,tensor(0),0,tensor(0),0,tensor(0),0,tensor(0),0,tensor(0),0,tensor(0),1,tensor(1),0,tensor(0),0,tensor(0),0,tensor(0),0,tensor(0),0,tensor(0),0,tensor(0)
290,"      # Replace this whichever way you build your code\r
      # Using the trx-parser action\r
","[0, 0, 1, 0, 0, 0, 0, 0, 0, 0, 0, 0, 0, 0, 0, 0, 0, 0, 0, 1, 0, 0, 0, 0, 0, 0, 0, 0, 0, 0]",0,tensor(0),0,tensor(0),1,tensor(1),0,tensor(0),0,tensor(0),0,tensor(0),0,tensor(0),0,tensor(0),0,tensor(0),0,tensor(0),0,tensor(0),0,tensor(0),0,tensor(0),0,tensor(0),0,tensor(0),0,tensor(0),0,tensor(0),0,tensor(0),0,tensor(0),1,tensor(1),0,tensor(0),0,tensor(0),0,tensor(0),0,tensor(0),0,tensor(0),0,tensor(0),0,tensor(0),0,tensor(0),0,tensor(0),0,tensor(0)
291,"    # IMPORTANT: the workflow must have write access to deployments, otherwise the action will fail.
          # add your deployment code here
","[0, 0, 0, 0, 0, 0, 0, 0, 0, 0, 0, 0, 0, 0, 0, 0, 0, 0, 0, 1, 1, 0, 0, 0, 0, 0, 0, 0, 0, 0]",0,tensor(0),0,tensor(0),0,tensor(0),0,tensor(0),0,tensor(0),0,tensor(0),0,tensor(0),0,tensor(0),0,tensor(0),0,tensor(0),0,tensor(0),0,tensor(0),0,tensor(0),0,tensor(0),0,tensor(0),0,tensor(0),0,tensor(0),0,tensor(0),0,tensor(0),1,tensor(1),1,tensor(1),0,tensor(0),0,tensor(0),0,tensor(0),0,tensor(0),0,tensor(0),0,tensor(0),0,tensor(0),0,tensor(0),0,tensor(0)
292,"    # Name or regex of artifact containing test results
    # Regular expression must be enclosed in \'/\'.
    # Values from captured groups will replace occurrences of $N in report name.
    # Example:
    #   artifact: /test-results-(.*)/
    #   name: \'Test report $1\'
    #   -> Artifact \'test-result-ubuntu\' would create report \'Test report ubuntu\'
    # Name of the Check Run which will be created
    # Coma separated list of paths to test results
    # Supports wildcards via [fast-glob](https://github.com/mrmlnc/fast-glob)
    # All matched result files must be of the same format
    # The fast-glob library that is internally used interprets backslashes as escape characters.
    # If enabled, all backslashes in provided path will be replaced by forward slashes and act as directory separators.
    # It might be useful when path input variable is composed dynamically from existing directory paths on Windows.
    # Format of test results. Supported options:
    #   dart-json
    #   dotnet-trx
    #   flutter-json
    #   java-junit
    #   jest-junit
    #   mocha-json
    # Allows you to generate only the summary.
    # If enabled, the report will contain a table listing each test results file and the number of passed, failed, and skipped tests.
    # Detailed listing of test suites and test cases will be skipped.
    # Limits which test suites are listed:
    #   all
    #   failed
    # Limits which test cases are listed:
    #   all
    #   failed
    #   none
    # The location to write the report to. Supported options:
    #   checks
    #   step-summary
    # Limits number of created annotations with error message and stack trace captured during test execution.
    # Must be less or equal to 50.
    # Set action as failed if test report contains any failed test
    # Relative path under $GITHUB_WORKSPACE where the repository was checked out.
    # Personal access token used to interact with Github API
    # Default: ${{ github.token }}
","[0, 0, 1, 1, 0, 0, 0, 0, 0, 0, 0, 0, 0, 0, 0, 0, 0, 0, 0, 0, 0, 0, 0, 0, 0, 0, 0, 0, 0, 0]",0,tensor(0),0,tensor(0),1,tensor(1),1,tensor(1),0,tensor(0),0,tensor(0),0,tensor(0),0,tensor(0),0,tensor(0),0,tensor(0),0,tensor(0),0,tensor(0),0,tensor(0),0,tensor(0),0,tensor(0),0,tensor(0),0,tensor(0),0,tensor(0),0,tensor(0),0,tensor(0),0,tensor(0),0,tensor(0),0,tensor(0),0,tensor(0),0,tensor(0),0,tensor(0),0,tensor(0),0,tensor(0),0,tensor(0),0,tensor(0)
293,"    # ...
        # more steps below where you run your deployment scripts inside the same action
          # add your deployment code here
","[0, 0, 0, 0, 0, 0, 0, 0, 0, 0, 0, 0, 0, 0, 0, 0, 0, 0, 0, 1, 1, 0, 0, 0, 0, 0, 0, 0, 0, 0]",0,tensor(1),0,tensor(0),0,tensor(0),0,tensor(0),0,tensor(0),0,tensor(0),0,tensor(0),0,tensor(0),0,tensor(0),0,tensor(0),0,tensor(0),0,tensor(0),0,tensor(0),0,tensor(0),0,tensor(0),0,tensor(0),0,tensor(0),0,tensor(0),0,tensor(0),1,tensor(0),1,tensor(1),0,tensor(0),0,tensor(0),0,tensor(0),0,tensor(0),0,tensor(0),0,tensor(0),0,tensor(0),0,tensor(0),0,tensor(0)
294, "     # Checkout repository (required to test local actions)","[0, 0, 0, 0, 0, 0, 0, 0, 0, 0, 0, 0, 0, 0, 0, 0, 0, 0, 0, 1, 0, 0, 0, 0, 1, 0, 0, 0, 0, 0]",0,tensor(0),0,tensor(0),0,tensor(0),0,tensor(0),0,tensor(0),0,tensor(0),0,tensor(0),0,tensor(0),0,tensor(0),0,tensor(0),0,tensor(0),0,tensor(0),0,tensor(0),0,tensor(0),0,tensor(0),0,tensor(0),0,tensor(0),0,tensor(0),0,tensor(0),1,tensor(1),0,tensor(0),0,tensor(0),0,tensor(0),0,tensor(0),1,tensor(0),0,tensor(0),0,tensor(0),0,tensor(0),0,tensor(0),0,tensor(0)
295,"    # NOTE: this can be `.`, for the current directory
    # Note the absence of `input:`, since we\'re auditing the environment.
    # NOTE: only works with requirements-style inputs
    # NOTE: only works with requirements-style inputs
    # must be populated earlier in the CI
    # must be populated earlier in the CI
","[1, 0, 0, 0, 0, 0, 1, 0, 0, 0, 0, 0, 0, 0, 0, 0, 0, 0, 0, 0, 0, 0, 0, 0, 0, 0, 0, 0, 0, 0]",1,tensor(1),0,tensor(0),0,tensor(0),0,tensor(0),0,tensor(0),0,tensor(0),1,tensor(1),0,tensor(0),0,tensor(0),0,tensor(0),0,tensor(0),0,tensor(0),0,tensor(0),0,tensor(0),0,tensor(0),0,tensor(0),0,tensor(0),0,tensor(0),0,tensor(0),0,tensor(0),0,tensor(0),0,tensor(0),0,tensor(0),0,tensor(0),0,tensor(0),0,tensor(0),0,tensor(0),0,tensor(0),0,tensor(0),0,tensor(0)
296,"      #----------------------------------------------
      #       check-out repo and set-up python
      #----------------------------------------------
      #----------------------------------------------
      #  -----  install & configure poetry  -----
      #----------------------------------------------
      #----------------------------------------------
      #       load cached venv if cache exists
      #----------------------------------------------
      #----------------------------------------------
      # install dependencies if cache does not exist
      #----------------------------------------------
      #----------------------------------------------
      # install your root project, if required
      #----------------------------------------------
      #----------------------------------------------
      #              run test suite
      #----------------------------------------------
      #----------------------------------------------
      #       check-out repo and set-up python
      #----------------------------------------------
      #----------------------------------------------
      #        load pip cache if cache exists
      #----------------------------------------------
      #----------------------------------------------
      #          install and run linters
      #----------------------------------------------
      #----------------------------------------------
      #       check-out repo and set-up python
      #----------------------------------------------
      #----------------------------------------------
      #  -----  install & configure poetry  -----
      #----------------------------------------------
      #----------------------------------------------
      #       load cached venv if cache exists
      #----------------------------------------------
      #----------------------------------------------
      # install dependencies if cache does not exist
      #----------------------------------------------
      #----------------------------------------------
      # install your root project, if required
      #----------------------------------------------
      #----------------------------------------------
      #    add matrix specifics and run test suite
      #----------------------------------------------
      #----------------------------------------------
      #       check-out repo and set-up python
      #----------------------------------------------
      #----------------------------------------------
      #  -----  install & configure poetry  -----
      #----------------------------------------------
      #----------------------------------------------
      #       load cached venv if cache exists
      #----------------------------------------------
      #----------------------------------------------
      # install dependencies if cache does not exist
      #----------------------------------------------
      #----------------------------------------------
      # install your root project, if required
      #----------------------------------------------
      #----------------------------------------------
      #    run test suite and output coverage file
      #----------------------------------------------
      #----------------------------------------------
      #             upload coverage stats
      # (requires CODECOV_TOKEN in repository secrets)
      #----------------------------------------------
","[1, 0, 0, 0, 0, 0, 0, 0, 0, 0, 0, 0, 1, 0, 0, 0, 0, 0, 0, 0, 0, 0, 0, 0, 0, 0, 0, 0, 0, 0]",1,tensor(1),0,tensor(0),0,tensor(0),0,tensor(0),0,tensor(0),0,tensor(0),0,tensor(0),0,tensor(0),0,tensor(0),0,tensor(0),0,tensor(0),0,tensor(0),1,tensor(1),0,tensor(0),0,tensor(0),0,tensor(0),0,tensor(0),0,tensor(0),0,tensor(0),0,tensor(0),0,tensor(0),0,tensor(0),0,tensor(0),0,tensor(0),0,tensor(0),0,tensor(0),0,tensor(0),0,tensor(0),0,tensor(0),0,tensor(0)
297,"
# ...
    # ...
      # ...
","[0, 0, 1, 0, 0, 0, 0, 0, 0, 0, 0, 0, 0, 0, 0, 0, 0, 0, 0, 1, 0, 0, 0, 0, 0, 0, 0, 0, 0, 0]",0,tensor(0),0,tensor(0),1,tensor(0),0,tensor(0),0,tensor(0),0,tensor(0),0,tensor(0),0,tensor(0),0,tensor(0),0,tensor(0),0,tensor(0),0,tensor(0),0,tensor(0),0,tensor(0),0,tensor(0),0,tensor(0),0,tensor(0),0,tensor(0),0,tensor(0),1,tensor(1),0,tensor(0),0,tensor(0),0,tensor(0),0,tensor(0),0,tensor(0),0,tensor(0),0,tensor(0),0,tensor(0),0,tensor(0),0,tensor(0)
298,"  # Trigger the workflow on push or pull request,
  # but only for the main branch
  # Replace pull_request with pull_request_target if you
  # plan to use this action with forks, see the Limitations section
# Down scope as necessary via https://docs.github.com/en/actions/security-guides/automatic-token-authentication#modifying-the-permissions-for-the-github_token
      # Install your linters here
          # Enable your linters here
  # Trigger the workflow on push or pull request,
  # but only for the main branch
      # ESLint and Prettier must be in `package.json`
  # Trigger the workflow on push or pull request,
  # but only for the main branch
          # Optional: Ignore warnings
  # Trigger the workflow on push or pull request,
  # but only for the main branch
  # Trigger the workflow on push or pull request,
  # but only for the main branch
  # Trigger the workflow on push or pull request,
  # but only for the main branch
  # Trigger the workflow on push or pull request,
  # but only for the main branch
  # Trigger the workflow on push or pull request,
  # but only for the main branch
","[0, 0, 1, 0, 0, 0, 0, 0, 0, 0, 0, 1, 0, 0, 0, 0, 0, 0, 0, 0, 0, 0, 0, 0, 0, 0, 0, 0, 0, 0]",0,tensor(0),0,tensor(0),1,tensor(1),0,tensor(0),0,tensor(0),0,tensor(0),0,tensor(0),0,tensor(0),0,tensor(0),0,tensor(0),0,tensor(0),1,tensor(1),0,tensor(0),0,tensor(0),0,tensor(0),0,tensor(0),0,tensor(0),0,tensor(0),0,tensor(0),0,tensor(0),0,tensor(0),0,tensor(0),0,tensor(0),0,tensor(0),0,tensor(0),0,tensor(0),0,tensor(0),0,tensor(0),0,tensor(0),0,tensor(0)
299,"# .github/workflows/documentation.yml","[0, 0, 0, 0, 0, 0, 0, 0, 0, 0, 0, 1, 1, 0, 0, 0, 0, 0, 0, 0, 0, 0, 0, 0, 0, 0, 0, 0, 0, 0]",0,tensor(0),0,tensor(0),0,tensor(0),0,tensor(0),0,tensor(0),0,tensor(0),0,tensor(0),0,tensor(0),0,tensor(0),0,tensor(0),0,tensor(0),1,tensor(1),1,tensor(1),0,tensor(0),0,tensor(0),0,tensor(0),0,tensor(0),0,tensor(0),0,tensor(0),0,tensor(0),0,tensor(0),0,tensor(0),0,tensor(0),0,tensor(0),0,tensor(0),0,tensor(0),0,tensor(0),0,tensor(0),0,tensor(0),0,tensor(0)
300,"          # \xe6\xb3\xa8\xe6\x84\x8f\xe5\x9c\xa8 Settings->Secrets \xe9\x85\x8d\xe7\xbd\xae GITEE_RSA_PRIVATE_KEY\r
          # \xe6\xb3\xa8\xe6\x84\x8f\xe6\x9b\xbf\xe6\x8d\xa2\xe4\xb8\xba\xe4\xbd\xa0\xe7\x9a\x84 GitHub \xe6\xba\x90\xe4\xbb\x93\xe5\xba\x93\xe5\x9c\xb0\xe5\x9d\x80\r
          # \xe6\xb3\xa8\xe6\x84\x8f\xe6\x9b\xbf\xe6\x8d\xa2\xe4\xb8\xba\xe4\xbd\xa0\xe7\x9a\x84 Gitee \xe7\x9b\xae\xe6\xa0\x87\xe4\xbb\x93\xe5\xba\x93\xe5\x9c\xb0\xe5\x9d\x80\r
          # \xe6\xb3\xa8\xe6\x84\x8f\xe6\x9b\xbf\xe6\x8d\xa2\xe4\xb8\xba\xe4\xbd\xa0\xe7\x9a\x84 Gitee \xe7\x94\xa8\xe6\x88\xb7\xe5\x90\x8d\r
          # \xe6\xb3\xa8\xe6\x84\x8f\xe5\x9c\xa8 Settings->Secrets \xe9\x85\x8d\xe7\xbd\xae GITEE_PASSWORD\r
          # \xe6\xb3\xa8\xe6\x84\x8f\xe6\x9b\xbf\xe6\x8d\xa2\xe4\xb8\xba\xe4\xbd\xa0\xe7\x9a\x84 Gitee \xe4\xbb\x93\xe5\xba\x93\xef\xbc\x8c\xe4\xbb\x93\xe5\xba\x93\xe5\x90\x8d\xe4\xb8\xa5\xe6\xa0\xbc\xe5\x8c\xba\xe5\x88\x86\xe5\xa4\xa7\xe5\xb0\x8f\xe5\x86\x99\xef\xbc\x8c\xe8\xaf\xb7\xe5\x87\x86\xe7\xa1\xae\xe5\xa1\xab\xe5\x86\x99\xef\xbc\x8c\xe5\x90\xa6\xe5\x88\x99\xe4\xbc\x9a\xe5\x87\xba\xe9\x94\x99\r
          # \xe8\xa6\x81\xe9\x83\xa8\xe7\xbd\xb2\xe7\x9a\x84\xe5\x88\x86\xe6\x94\xaf\xef\xbc\x8c\xe9\xbb\x98\xe8\xae\xa4\xe6\x98\xaf master\xef\xbc\x8c\xe8\x8b\xa5\xe6\x98\xaf\xe5\x85\xb6\xe4\xbb\x96\xe5\x88\x86\xe6\x94\xaf\xef\xbc\x8c\xe5\x88\x99\xe9\x9c\x80\xe8\xa6\x81\xe6\x8c\x87\xe5\xae\x9a\xef\xbc\x88\xe6\x8c\x87\xe5\xae\x9a\xe7\x9a\x84\xe5\x88\x86\xe6\x94\xaf\xe5\xbf\x85\xe9\xa1\xbb\xe5\xad\x98\xe5\x9c\xa8\xef\xbc\x89\r
","[0, 0, 0, 0, 0, 0, 0, 0, 0, 0, 0, 0, 1, 0, 0, 0, 0, 0, 0, 0, 1, 0, 0, 0, 0, 0, 0, 0, 0, 0]",0,tensor(0),0,tensor(0),0,tensor(0),0,tensor(0),0,tensor(0),0,tensor(0),0,tensor(0),0,tensor(0),0,tensor(0),0,tensor(0),0,tensor(0),0,tensor(0),1,tensor(1),0,tensor(0),0,tensor(0),0,tensor(0),0,tensor(0),0,tensor(0),0,tensor(0),0,tensor(0),1,tensor(1),0,tensor(0),0,tensor(0),0,tensor(0),0,tensor(0),0,tensor(0),0,tensor(0),0,tensor(0),0,tensor(0),0,tensor(0)
301,"
# \'registry\' and \'image\' inputs are not set
    # Podman Login action (https://github.com/redhat-actions/podman-login) also be used to log in,
    # in which case \'username\' and \'password\' can be omitted.
","[0, 0, 0, 0, 0, 0, 0, 0, 0, 0, 0, 0, 0, 0, 0, 0, 0, 0, 0, 0, 1, 1, 0, 0, 0, 0, 0, 0, 0, 0]",0,tensor(0),0,tensor(0),0,tensor(0),0,tensor(0),0,tensor(0),0,tensor(0),0,tensor(0),0,tensor(0),0,tensor(0),0,tensor(0),0,tensor(0),0,tensor(0),0,tensor(0),0,tensor(0),0,tensor(0),0,tensor(0),0,tensor(0),0,tensor(0),0,tensor(0),0,tensor(0),1,tensor(1),1,tensor(0),0,tensor(0),0,tensor(0),0,tensor(0),0,tensor(0),0,tensor(0),0,tensor(0),0,tensor(0),0,tensor(0)
302,"  # IMPORTANT: on ubuntu-22.04/ubuntu-latest runners it is necessary to
  # install libfuse2 before running the `magick` command as AppImage still
  # depends on libfuse2 which is no longer shipped by default.
  # see the AppImage project for issues about shipping static fuse2 or
  # upgrading to fuse3: https://github.com/AppImage/AppImageKit
  # see: https://github.com/mfinelli/setup-imagemagick/issues/242
","[1, 0, 0, 0, 0, 0, 0, 0, 0, 0, 0, 0, 0, 0, 0, 0, 0, 0, 0, 0, 0, 0, 0, 1, 0, 0, 0, 0, 0, 0]",1,tensor(1),0,tensor(0),0,tensor(0),0,tensor(0),0,tensor(0),0,tensor(0),0,tensor(0),0,tensor(0),0,tensor(0),0,tensor(0),0,tensor(0),0,tensor(0),0,tensor(0),0,tensor(0),0,tensor(0),0,tensor(0),0,tensor(0),0,tensor(0),0,tensor(0),0,tensor(0),0,tensor(0),0,tensor(0),0,tensor(0),1,tensor(1),0,tensor(0),0,tensor(0),0,tensor(0),0,tensor(0),0,tensor(0),0,tensor(0)
303,"# You can be more specific, but it currently only works on pull requests
    # Optionally generate compile_commands.json
    # Uploads an artefact containing clang_fixes.json
    # If there are any comments, fail the check
        # List of packages to install
        # CMake command to run in order to generate compile_commands.json
    # Using another container changes the
    # working directory from GITHUB_WORKSPACE
    # Get the current working directory and set it
    # as an environment variable
        # Tell clang-tidy-review the base directory.
        # This will get replaced by the new working
        # directory inside the action
# You can be more specific, but it currently only works on pull requests
    # Optionally generate compile_commands.json
    # The name field of the lint action
        # lgtm_comment_body, max_comments, and annotations need to be set on the posting workflow in a split setup
          # adjust options as necessary
","[0, 0, 0, 0, 0, 0, 0, 0, 0, 0, 1, 1, 0, 0, 0, 0, 0, 0, 0, 0, 0, 0, 0, 0, 0, 0, 0, 0, 0, 0]",0,tensor(0),0,tensor(0),0,tensor(0),0,tensor(0),0,tensor(0),0,tensor(0),0,tensor(0),0,tensor(0),0,tensor(0),0,tensor(0),1,tensor(1),1,tensor(1),0,tensor(0),0,tensor(0),0,tensor(0),0,tensor(0),0,tensor(0),0,tensor(0),0,tensor(0),0,tensor(0),0,tensor(0),0,tensor(0),0,tensor(0),0,tensor(0),0,tensor(0),0,tensor(0),0,tensor(0),0,tensor(0),0,tensor(0),0,tensor(0)
304,"          ### Changelog

# Unsaved changes might be lost. Push your changes to GitHub before running this
","[0, 0, 0, 0, 0, 0, 0, 0, 0, 0, 0, 0, 1, 0, 0, 0, 0, 0, 0, 0, 0, 0, 0, 1, 0, 0, 0, 0, 0, 0]",0,tensor(0),0,tensor(0),0,tensor(0),0,tensor(0),0,tensor(0),0,tensor(0),0,tensor(0),0,tensor(0),0,tensor(0),0,tensor(0),0,tensor(0),0,tensor(0),1,tensor(1),0,tensor(0),0,tensor(0),0,tensor(0),0,tensor(0),0,tensor(0),0,tensor(0),0,tensor(0),0,tensor(0),0,tensor(0),0,tensor(0),1,tensor(1),0,tensor(0),0,tensor(0),0,tensor(0),0,tensor(0),0,tensor(0),0,tensor(0)
305,"## ${label}\","[0, 0, 0, 0, 0, 0, 0, 0, 0, 0, 0, 0, 1, 0, 0, 0, 0, 0, 0, 0, 1, 0, 0, 0, 0, 0, 0, 0, 0, 0]",0,tensor(0),0,tensor(0),0,tensor(0),0,tensor(0),0,tensor(0),0,tensor(0),0,tensor(0),0,tensor(0),0,tensor(0),0,tensor(0),0,tensor(0),0,tensor(0),1,tensor(1),0,tensor(0),0,tensor(0),0,tensor(0),0,tensor(0),0,tensor(0),0,tensor(0),0,tensor(0),1,tensor(1),0,tensor(0),0,tensor(0),0,tensor(0),0,tensor(0),0,tensor(0),0,tensor(0),0,tensor(0),0,tensor(0),0,tensor(0)
306,"      # ...

# Note: replace dynamic values with your relevant data
      # ...
","[1, 0, 0, 0, 0, 0, 0, 0, 0, 0, 0, 0, 0, 0, 0, 1, 0, 0, 0, 0, 0, 0, 0, 0, 0, 0, 0, 0, 0, 0]",1,tensor(1),0,tensor(0),0,tensor(0),0,tensor(0),0,tensor(0),0,tensor(0),0,tensor(0),0,tensor(0),0,tensor(0),0,tensor(0),0,tensor(0),0,tensor(0),0,tensor(0),0,tensor(0),0,tensor(0),1,tensor(0),0,tensor(0),0,tensor(0),0,tensor(0),0,tensor(0),0,tensor(0),0,tensor(0),0,tensor(0),0,tensor(0),0,tensor(0),0,tensor(0),0,tensor(0),0,tensor(0),0,tensor(0),0,tensor(0)
307,   " # Important: This sets up your GITHUB_WORKSPACE environment variable","[0, 0, 0, 0, 0, 0, 0, 0, 0, 0, 1, 0, 0, 0, 0, 0, 0, 0, 0, 0, 0, 0, 0, 1, 0, 0, 0, 0, 0, 0]",0,tensor(0),0,tensor(0),0,tensor(0),0,tensor(0),0,tensor(0),0,tensor(0),0,tensor(0),0,tensor(0),0,tensor(0),0,tensor(0),1,tensor(1),0,tensor(1),0,tensor(0),0,tensor(0),0,tensor(0),0,tensor(0),0,tensor(0),0,tensor(0),0,tensor(0),0,tensor(0),0,tensor(0),0,tensor(0),0,tensor(0),1,tensor(0),0,tensor(0),0,tensor(0),0,tensor(0),0,tensor(0),0,tensor(0),0,tensor(0)
308,"      # Trigger the action only on relevant activity types.
      # It\'s actually not harmful to trigger the action on all activity types.
# A GitHub token created for a PR coming from a fork doesn\'t have
# \'admin\' or \'write\' permission (which is required to add labels)
# To avoid this issue, you can use the `scheduled` event and run
# this action on a certain interval.
","[0, 0, 0, 0, 0, 0, 0, 0, 0, 0, 0, 0, 0, 1, 0, 1, 0, 0, 0, 0, 0, 0, 0, 0, 0, 0, 0, 0, 0, 0]",0,tensor(0),0,tensor(0),0,tensor(0),0,tensor(0),0,tensor(0),0,tensor(0),0,tensor(0),0,tensor(0),0,tensor(0),0,tensor(0),0,tensor(0),0,tensor(0),0,tensor(0),1,tensor(1),0,tensor(0),1,tensor(1),0,tensor(0),0,tensor(0),0,tensor(0),0,tensor(0),0,tensor(0),0,tensor(0),0,tensor(0),0,tensor(1),0,tensor(0),0,tensor(0),0,tensor(0),0,tensor(0),0,tensor(0),0,tensor(0)
309,"# main.yml
        # with:
          # path: 'addons'
","[0, 0, 0, 0, 0, 0, 0, 0, 0, 0, 0, 1, 0, 0, 0, 0, 0, 0, 0, 0, 0, 0, 0, 1, 0, 0, 0, 0, 0, 0]",0,tensor(0),0,tensor(0),0,tensor(0),0,tensor(0),0,tensor(0),0,tensor(0),0,tensor(0),0,tensor(0),0,tensor(0),0,tensor(0),0,tensor(0),1,tensor(1),0,tensor(0),0,tensor(0),0,tensor(0),0,tensor(0),0,tensor(0),0,tensor(0),0,tensor(0),0,tensor(0),0,tensor(0),0,tensor(0),0,tensor(0),1,tensor(1),0,tensor(0),0,tensor(0),0,tensor(0),0,tensor(0),0,tensor(0),0,tensor(0)
310,"# .github/workflows/release.yml
    # Upload to Steam Workshop
","[0, 0, 0, 0, 0, 0, 0, 0, 0, 0, 0, 0, 1, 0, 0, 0, 0, 0, 0, 0, 0, 0, 0, 1, 0, 0, 0, 0, 0, 0]",0,tensor(0),0,tensor(0),0,tensor(0),0,tensor(0),0,tensor(0),0,tensor(0),0,tensor(0),0,tensor(0),0,tensor(0),0,tensor(0),0,tensor(0),0,tensor(0),1,tensor(1),0,tensor(0),0,tensor(0),0,tensor(0),0,tensor(0),0,tensor(0),0,tensor(0),0,tensor(0),0,tensor(0),0,tensor(0),0,tensor(0),1,tensor(1),0,tensor(0),0,tensor(0),0,tensor(0),0,tensor(0),0,tensor(0),0,tensor(0)
311,"## [3.4.0] - 2020-07-10
### Added
### Fixed
### Changed
## [3.3.0] - 2020-06-27
### Added
### Changed
","[0, 0, 0, 0, 0, 0, 0, 0, 0, 0, 0, 0, 1, 0, 0, 0, 0, 0, 0, 1, 0, 0, 0, 0, 0, 0, 0, 0, 0, 0]",0,tensor(0),0,tensor(0),0,tensor(0),0,tensor(0),0,tensor(0),0,tensor(0),0,tensor(0),0,tensor(0),0,tensor(0),0,tensor(0),0,tensor(0),0,tensor(0),1,tensor(0),0,tensor(0),0,tensor(0),0,tensor(0),0,tensor(0),0,tensor(0),0,tensor(0),1,tensor(1),0,tensor(0),0,tensor(0),0,tensor(0),0,tensor(0),0,tensor(0),0,tensor(0),0,tensor(0),0,tensor(0),0,tensor(0),0,tensor(0)
312,    "#### Hadolint: \\`${{ steps.hadolint.outcome }}\\`","[0, 0, 0, 0, 0, 0, 0, 0, 0, 0, 0, 1, 0, 0, 0, 0, 0, 0, 0, 0, 0, 1, 0, 0, 0, 0, 0, 0, 0, 0]",0,tensor(0),0,tensor(0),0,tensor(0),0,tensor(0),0,tensor(0),0,tensor(0),0,tensor(0),0,tensor(0),0,tensor(0),0,tensor(0),0,tensor(1),1,tensor(1),0,tensor(0),0,tensor(0),0,tensor(0),0,tensor(0),0,tensor(0),0,tensor(0),0,tensor(0),0,tensor(0),0,tensor(0),1,tensor(0),0,tensor(0),0,tensor(0),0,tensor(0),0,tensor(0),0,tensor(0),0,tensor(0),0,tensor(0),0,tensor(0)
313,"#> 
#> cff_validate results\xe2\x80\x94\xe2\x80\x94
#> Congratulations! This .cff file is valid
","[0, 0, 1, 0, 0, 0, 0, 0, 0, 0, 0, 0, 1, 0, 0, 0, 0, 0, 0, 0, 0, 0, 0, 0, 0, 0, 0, 0, 0, 0]",0,tensor(0),0,tensor(0),1,tensor(0),0,tensor(0),0,tensor(0),0,tensor(0),0,tensor(0),0,tensor(0),0,tensor(0),0,tensor(0),0,tensor(0),0,tensor(0),1,tensor(1),0,tensor(0),0,tensor(0),0,tensor(0),0,tensor(0),0,tensor(0),0,tensor(0),0,tensor(0),0,tensor(0),0,tensor(0),0,tensor(0),0,tensor(0),0,tensor(0),0,tensor(0),0,tensor(0),0,tensor(0),0,tensor(0),0,tensor(0)
314,"    # Check if the PR is not raised by this workflow and is not from a fork
    # Check if the PR is not from a fork
","[0, 0, 0, 0, 0, 0, 0, 0, 0, 0, 0, 1, 0, 0, 0, 0, 0, 0, 0, 0, 0, 0, 0, 1, 0, 0, 0, 0, 0, 0]",0,tensor(0),0,tensor(0),0,tensor(0),0,tensor(0),0,tensor(0),0,tensor(0),0,tensor(0),0,tensor(0),0,tensor(0),0,tensor(0),0,tensor(0),1,tensor(0),0,tensor(0),0,tensor(0),0,tensor(0),0,tensor(0),0,tensor(0),0,tensor(0),0,tensor(0),0,tensor(0),0,tensor(0),0,tensor(0),0,tensor(0),1,tensor(1),0,tensor(0),0,tensor(0),0,tensor(0),0,tensor(0),0,tensor(0),0,tensor(0)
315,"# When a tag is pushed, create a release
","[0, 0, 0, 0, 0, 0, 0, 0, 0, 0, 0, 0, 1, 0, 0, 0, 0, 0, 0, 1, 0, 0, 0, 0, 0, 0, 0, 0, 0, 0]",0,tensor(0),0,tensor(0),0,tensor(0),0,tensor(0),0,tensor(0),0,tensor(0),0,tensor(0),0,tensor(0),0,tensor(0),0,tensor(0),0,tensor(0),0,tensor(0),1,tensor(0),0,tensor(0),0,tensor(0),0,tensor(0),0,tensor(0),0,tensor(0),0,tensor(0),1,tensor(1),0,tensor(1),0,tensor(0),0,tensor(0),0,tensor(0),0,tensor(0),0,tensor(0),0,tensor(0),0,tensor(0),0,tensor(0),0,tensor(0)
316,"# run this action before setting up ccache","[0, 0, 0, 0, 0, 0, 0, 0, 0, 0, 0, 0, 0, 0, 0, 0, 0, 0, 0, 1, 0, 0, 0, 1, 0, 0, 0, 0, 0, 0]",0,tensor(0),0,tensor(0),0,tensor(0),0,tensor(0),0,tensor(0),0,tensor(0),0,tensor(0),0,tensor(0),0,tensor(0),0,tensor(0),0,tensor(0),0,tensor(0),0,tensor(0),0,tensor(0),0,tensor(0),0,tensor(0),0,tensor(0),0,tensor(0),0,tensor(0),1,tensor(1),0,tensor(0),0,tensor(0),0,tensor(0),1,tensor(1),0,tensor(0),0,tensor(0),0,tensor(0),0,tensor(0),0,tensor(0),0,tensor(0)
317,"# .github/workflow/governance.yml
# You can use permissions to modify the default permissions granted to the GITHUB_TOKEN, 
# adding or removing access as required, so that you only allow the minimum required access. 
      # Semantic versioning, lock to different version: v2, v2.0 or a commit hash.
          # You can use a PAT to post a comment/label/status so that it shows up as a user instead of github-actions

# .github/governance.yml
    # /request-review @john @ben @more
    # /assign @john @ben @more
","[0, 0, 0, 0, 0, 0, 0, 0, 0, 0, 0, 0, 0, 1, 0, 1, 0, 0, 0, 0, 0, 0, 0, 0, 0, 0, 0, 0, 0, 0]",0,tensor(0),0,tensor(0),0,tensor(0),0,tensor(0),0,tensor(0),0,tensor(0),0,tensor(0),0,tensor(0),0,tensor(0),0,tensor(0),0,tensor(0),0,tensor(0),0,tensor(0),1,tensor(1),0,tensor(0),1,tensor(1),0,tensor(0),0,tensor(0),0,tensor(0),0,tensor(0),0,tensor(0),0,tensor(0),0,tensor(0),0,tensor(0),0,tensor(0),0,tensor(0),0,tensor(0),0,tensor(0),0,tensor(0),0,tensor(0)
318,"# This is a CD system. It should publish a new release
# if and only if the lastest run of the CI workflow has succeeded.
# Falsy values: ""n"", ""no"", ""f"", ""false"", ""off"", ""0""
# Truthy values: ""y"", ""yes"", ""t"", ""true"", ""on"", ""1""
","[0, 0, 1, 0, 0, 0, 0, 0, 0, 0, 0, 0, 0, 0, 0, 0, 0, 0, 0, 0, 0, 0, 0, 1, 0, 0, 0, 0, 0, 0]",0,tensor(0),0,tensor(0),1,tensor(0),0,tensor(0),0,tensor(0),0,tensor(0),0,tensor(0),0,tensor(0),0,tensor(0),0,tensor(0),0,tensor(0),0,tensor(0),0,tensor(0),0,tensor(0),0,tensor(0),0,tensor(0),0,tensor(0),0,tensor(0),0,tensor(0),0,tensor(0),0,tensor(0),0,tensor(0),0,tensor(0),1,tensor(1),0,tensor(0),0,tensor(0),0,tensor(0),0,tensor(0),0,tensor(0),0,tensor(0)
319,"        # Outputs: ""Running on default: main""
        # Outputs: ""Running on pr: feature/test""
        # Outputs: ""Base branch: main""
        # Outputs: ""Default branch: main""
        # Outputs: ""main"" the branch that triggered the push event.
        # Outputs: ""Running on default: main"".
        # Outputs: ""Running on branch: main"".
        #  Outputs: ""main""
        # Outputs: ""main"" the default branch.
        # Outputs: ""feature/test"" current PR branch.
        # Outputs: ""Running on branch: feature/test"".
        # Outputs: ""Running on branch: feature/test"".
        #  Outputs: ""1/merge""
        # Outputs: ""feature/test"" current PR branch.
        # Outputs: ""main"".
        # Outputs: ""main"" the default branch.
        # Outputs: ""Running on: v0.0.1"".
        # Outputs: ""v0.0.1"" OR ""0.0.1""
","[0, 0, 0, 0, 0, 0, 0, 0, 0, 0, 0, 0, 0, 0, 0, 0, 0, 0, 0, 1, 0, 1, 0, 0, 0, 0, 0, 0, 0, 0]",0,tensor(0),0,tensor(0),0,tensor(0),0,tensor(0),0,tensor(0),0,tensor(0),0,tensor(0),0,tensor(0),0,tensor(0),0,tensor(0),0,tensor(0),0,tensor(0),0,tensor(0),0,tensor(0),0,tensor(0),0,tensor(0),0,tensor(0),0,tensor(0),0,tensor(0),1,tensor(1),0,tensor(0),1,tensor(0),0,tensor(0),0,tensor(0),0,tensor(0),0,tensor(0),0,tensor(0),0,tensor(0),0,tensor(0),0,tensor(0)
320,"
# clone the repo
# change directory
# install dependencies
","[0, 0, 0, 1, 0, 0, 0, 1, 0, 0, 0, 0, 0, 0, 0, 0, 0, 0, 0, 0, 0, 0, 0, 0, 0, 0, 0, 0, 0, 0]",0,tensor(0),0,tensor(0),0,tensor(0),1,tensor(1),0,tensor(0),0,tensor(0),0,tensor(0),1,tensor(1),0,tensor(0),0,tensor(0),0,tensor(0),0,tensor(0),0,tensor(0),0,tensor(0),0,tensor(0),0,tensor(0),0,tensor(0),0,tensor(0),0,tensor(0),0,tensor(0),0,tensor(0),0,tensor(0),0,tensor(0),0,tensor(0),0,tensor(0),0,tensor(0),0,tensor(0),0,tensor(0),0,tensor(0),0,tensor(0)
321,"  # Create the MongoDB cluster
  # Run a CI job and pass the cluster address
  # in the MONGO_URI env variable
","[0, 0, 1, 0, 0, 0, 0, 0, 0, 0, 0, 0, 0, 0, 0, 0, 0, 0, 0, 1, 0, 0, 0, 0, 0, 0, 0, 0, 0, 0]",0,tensor(0),0,tensor(0),1,tensor(1),0,tensor(0),0,tensor(0),0,tensor(0),0,tensor(0),0,tensor(0),0,tensor(0),0,tensor(0),0,tensor(0),0,tensor(0),0,tensor(0),0,tensor(0),0,tensor(0),0,tensor(0),0,tensor(0),0,tensor(0),0,tensor(0),1,tensor(1),0,tensor(0),0,tensor(0),0,tensor(0),0,tensor(0),0,tensor(0),0,tensor(0),0,tensor(0),0,tensor(0),0,tensor(0),0,tensor(0)
322,"# specify a path
# provide some flags
","[0, 0, 0, 0, 0, 0, 1, 0, 0, 0, 0, 0, 0, 0, 0, 0, 0, 0, 0, 1, 0, 0, 0, 0, 0, 0, 0, 0, 0, 0]",0,tensor(0),0,tensor(0),0,tensor(0),0,tensor(0),0,tensor(0),0,tensor(0),1,tensor(0),0,tensor(0),0,tensor(0),0,tensor(0),0,tensor(0),0,tensor(0),0,tensor(0),0,tensor(0),0,tensor(0),0,tensor(0),0,tensor(0),0,tensor(0),0,tensor(0),1,tensor(1),0,tensor(0),0,tensor(0),0,tensor(0),0,tensor(0),0,tensor(0),0,tensor(0),0,tensor(0),0,tensor(0),0,tensor(0),0,tensor(0)
323,"        # Outputs: ""Changed files: new.txt test_directory/new.txt""
","[0, 0, 0, 0, 0, 0, 0, 0, 0, 0, 0, 0, 0, 0, 0, 0, 0, 1, 0, 1, 0, 0, 0, 0, 0, 0, 0, 0, 0, 0]",0,tensor(0),0,tensor(0),0,tensor(0),0,tensor(0),0,tensor(0),0,tensor(0),0,tensor(0),0,tensor(0),0,tensor(0),0,tensor(0),0,tensor(0),0,tensor(0),0,tensor(0),0,tensor(0),0,tensor(0),0,tensor(0),0,tensor(0),1,tensor(0),0,tensor(0),1,tensor(1),0,tensor(0),0,tensor(0),0,tensor(0),0,tensor(0),0,tensor(0),0,tensor(0),0,tensor(0),0,tensor(0),0,tensor(0),0,tensor(0)
324,"# Optionals (with their default values)","[0, 0, 0, 0, 0, 0, 0, 0, 0, 0, 0, 0, 0, 0, 0, 0, 0, 0, 0, 1, 0, 0, 0, 1, 0, 0, 0, 0, 0, 0]",0,tensor(0),0,tensor(0),0,tensor(0),0,tensor(0),0,tensor(0),0,tensor(0),0,tensor(0),0,tensor(0),0,tensor(0),0,tensor(0),0,tensor(0),0,tensor(0),0,tensor(0),0,tensor(0),0,tensor(0),0,tensor(0),0,tensor(0),0,tensor(0),0,tensor(0),1,tensor(1),0,tensor(0),0,tensor(0),0,tensor(0),1,tensor(1),0,tensor(0),0,tensor(0),0,tensor(0),0,tensor(0),0,tensor(0),0,tensor(0)
325, "# config file path","[0, 1, 0, 0, 0, 0, 0, 0, 0, 0, 0, 0, 0, 0, 0, 0, 0, 0, 0, 0, 0, 0, 0, 1, 0, 0, 0, 0, 0, 0]",0,tensor(0),1,tensor(0),0,tensor(0),0,tensor(0),0,tensor(0),0,tensor(0),0,tensor(0),0,tensor(0),0,tensor(0),0,tensor(0),0,tensor(0),0,tensor(0),0,tensor(0),0,tensor(0),0,tensor(0),0,tensor(0),0,tensor(0),0,tensor(0),0,tensor(0),0,tensor(0),0,tensor(0),0,tensor(0),0,tensor(0),1,tensor(1),0,tensor(0),0,tensor(0),0,tensor(0),0,tensor(0),0,tensor(0),0,tensor(0)
326,"# MegaLinter GitHub Action configuration file
# More info at https://megalinter.io
  # Trigger mega-linter at every push. Action will also be visible from Pull Requests to main
  # Apply linter fixes configuration
      # Give the default GITHUB_TOKEN write permission to commit and push, comment issues & post new PR
      # Remove the ones you do not need
      # Git Checkout
      # MegaLinter
        # You can override MegaLinter flavor used to have faster performances
        # More info at https://megalinter.io/flavors/
          # All available variables are described in documentation
          # https://megalinter.io/configuration/
          # ADD YOUR CUSTOM ENV VARIABLES HERE OR DEFINE THEM IN A FILE .mega-linter.yml AT THE ROOT OF YOUR REPOSITORY
          # DISABLE: COPYPASTE,SPELL # Uncomment to disable copy-paste and spell checks
      # Upload MegaLinter artifacts
      # Create pull request if applicable (for now works only on PR from same repository, not from forks)
      # Push new commit if applicable (for now works only on PR from same repository, not from forks)

# MegaLinter GitLab CI job configuration file
# More info at https://megalinter.io/
  # You can override MegaLinter flavor used to have faster performances
  # More info at https://megalinter.io/flavors/
    # All available variables are described in documentation
    # https://megalinter.io/configuration/
    # ADD YOUR CUSTOM ENV VARIABLES HERE TO OVERRIDE VALUES OF .mega-linter.yml AT THE ROOT OF YOUR REPOSITORY

  # Run MegaLinter to detect linting and security issues
      # Checkout repo
      # Pull MegaLinter docker image
      # Run MegaLinter
      # Upload MegaLinter reports
              ## doing this because concourse doesn\'t work as other CI systems
          # params:
            # PARALLEL: true
            # DISABLE: SPELL
            # APPLY_FIXES: all
            # DISABLE_ERRORS: true
            # VALIDATE_ALL_CODEBASE: true
## uncomment this if you want reports as task output
# output:
# - name: reports
#   path: repo/megalinter-reports
        # params:
        #   PARALLEL: true
        #   DISABLE: SPELL
        #   APPLY_FIXES: all
        #   DISABLE_ERRORS: true
        #   VALIDATE_ALL_CODEBASE: true
","[0, 0, 0, 0, 0, 0, 0, 0, 0, 0, 0, 1, 0, 0, 0, 0, 0, 0, 0, 1, 0, 0, 0, 0, 0, 0, 0, 0, 0, 0]",0,tensor(0),0,tensor(0),0,tensor(0),0,tensor(0),0,tensor(0),0,tensor(0),0,tensor(0),0,tensor(0),0,tensor(0),0,tensor(0),0,tensor(0),1,tensor(1),0,tensor(0),0,tensor(0),0,tensor(0),0,tensor(0),0,tensor(0),0,tensor(0),0,tensor(0),1,tensor(1),0,tensor(0),0,tensor(0),0,tensor(0),0,tensor(0),0,tensor(0),0,tensor(0),0,tensor(0),0,tensor(0),0,tensor(0),0,tensor(0)
327, "           # do custom parsing of your code / date to derive a branch from","[0, 0, 0, 0, 0, 0, 0, 0, 0, 0, 0, 0, 1, 0, 0, 0, 0, 0, 0, 0, 1, 0, 0, 0, 0, 0, 0, 0, 0, 0]",0,tensor(0),0,tensor(0),0,tensor(0),0,tensor(0),0,tensor(0),0,tensor(0),0,tensor(0),0,tensor(0),0,tensor(0),0,tensor(0),0,tensor(0),0,tensor(0),1,tensor(1),0,tensor(0),0,tensor(0),0,tensor(0),0,tensor(0),0,tensor(0),0,tensor(0),0,tensor(0),1,tensor(1),0,tensor(0),0,tensor(0),0,tensor(0),0,tensor(0),0,tensor(0),0,tensor(0),0,tensor(0),0,tensor(0),0,tensor(0)
328,"    # Important: This sets up your GITHUB_WORKSPACE environment variable
      # replace ""main"" with any valid ref
        # [required]
        # Paths to ansible files (i.e., playbooks, tasks, handlers etc..)
        # or valid Ansible directories according to the Ansible role
        # directory structure.
        # If you want to lint multiple ansible files, use the following syntax
        # targets: |
        #   playbook_1.yml
        #   playbook_2.yml
        # [optional]
        # Arguments to override a package and its version to be set explicitly.
        # Must follow the example syntax.
        # [optional]
        # Arguments to be passed to the ansible-lint
        # Options:
        #   -q                    quieter, although not silent output
        #   -p                    parseable output in the format of pep8
        #   --parseable-severity  parseable output including severity of rule
        #   -r RULESDIR           specify one or more rules directories using one or
        #                         more -r arguments. Any -r flags override the default
        #                         rules in ansiblelint/rules, unless -R is also used.
        #   -R                    Use default rules in ansiblelint/rules in addition to
        #                         any extra
        #                         rules directories specified with -r. There is no need
        #                         to specify this if no -r flags are used
        #   -t TAGS               only check rules whose id/tags match these values
        #   -x SKIP_LIST          only check rules whose id/tags do not match these
        #                         values
        #   --nocolor             disable colored output
        #   --exclude=EXCLUDE_PATHS
        #                         path to directories or files to skip. This option is
        #                         repeatable.
        #   -c C                  Specify configuration file to use. Defaults to "".ansible-lint""
","[0, 0, 0, 0, 0, 0, 0, 0, 0, 0, 0, 1, 0, 0, 0, 0, 0, 0, 0, 1, 0, 0, 0, 0, 0, 0, 0, 0, 0, 0]",0,tensor(0),0,tensor(0),0,tensor(0),0,tensor(0),0,tensor(0),0,tensor(0),0,tensor(0),0,tensor(0),0,tensor(0),0,tensor(0),0,tensor(0),1,tensor(1),0,tensor(0),0,tensor(0),0,tensor(0),0,tensor(0),0,tensor(0),0,tensor(0),0,tensor(0),1,tensor(1),0,tensor(0),0,tensor(0),0,tensor(0),0,tensor(0),0,tensor(0),0,tensor(0),0,tensor(0),0,tensor(0),0,tensor(0),0,tensor(0)
329,"  # Optionally you can use `workflow_dispatch` to run Changelog CI Manually
      # Checks-out your repository
          # Optional, you can provide any name for your changelog file,
          # We currently support Markdown (.md) and reStructuredText (.rst) files
          # defaults to `CHANGELOG.md` if not provided.
          # Optional, only required when you want more customization
          # e.g: group your changelog by labels with custom titles,
          # different version prefix, pull request title and version number regex etc.
          # config file can be in JSON or YAML format.
          # Optional, This will be used to configure git
          # defaults to `github-actions[bot]` if not provided.
          # Optional, only required when you want to run Changelog CI 
          # on an event other than `pull_request` event.
          # In this example `release_version` is fetched from `workflow_dispatch` events input.
          # You can use any other method to fetch the release version
          # such as environment variable or from output of another action
          # Optional
","[0, 0, 0, 0, 0, 0, 0, 0, 0, 0, 0, 0, 0, 1, 0, 0, 0, 0, 0, 1, 0, 0, 0, 0, 0, 0, 0, 0, 0, 0]",0,tensor(0),0,tensor(0),0,tensor(0),0,tensor(0),0,tensor(0),0,tensor(0),0,tensor(0),0,tensor(0),0,tensor(0),0,tensor(0),0,tensor(0),0,tensor(0),0,tensor(0),1,tensor(0),0,tensor(0),0,tensor(0),0,tensor(0),0,tensor(0),0,tensor(0),1,tensor(1),0,tensor(0),0,tensor(0),0,tensor(0),0,tensor(0),0,tensor(0),0,tensor(0),0,tensor(0),0,tensor(0),0,tensor(0),0,tensor(0)
330,"
# Next line has leading space which will be removed:
# Equal signs should not be spaced:
# Quotes won\'t be preserved after parsing, do not use them:
# Beware of duplicate keys!
# Respect the convention, use `UPPER_CASE`:
","[0, 0, 0, 0, 0, 0, 0, 0, 0, 0, 1, 1, 0, 0, 0, 0, 0, 0, 0, 0, 0, 0, 0, 0, 0, 0, 0, 0, 0, 0]",0,tensor(0),0,tensor(0),0,tensor(0),0,tensor(0),0,tensor(0),0,tensor(0),0,tensor(0),0,tensor(0),0,tensor(0),0,tensor(0),1,tensor(1),1,tensor(1),0,tensor(0),0,tensor(0),0,tensor(0),0,tensor(0),0,tensor(0),0,tensor(0),0,tensor(0),0,tensor(0),0,tensor(0),0,tensor(0),0,tensor(0),0,tensor(0),0,tensor(0),0,tensor(0),0,tensor(0),0,tensor(0),0,tensor(0),0,tensor(0)
331,  "    # use the output from the `generate-uuid` step","[0, 0, 0, 0, 0, 0, 0, 0, 0, 0, 0, 0, 0, 0, 0, 0, 0, 0, 0, 0, 1, 0, 0, 1, 0, 0, 0, 0, 0, 0]",0,tensor(0),0,tensor(0),0,tensor(0),0,tensor(0),0,tensor(0),0,tensor(0),0,tensor(0),0,tensor(0),0,tensor(0),0,tensor(0),0,tensor(0),0,tensor(0),0,tensor(0),0,tensor(0),0,tensor(0),0,tensor(0),0,tensor(0),0,tensor(0),0,tensor(0),0,tensor(0),1,tensor(1),0,tensor(0),0,tensor(0),1,tensor(1),0,tensor(0),0,tensor(0),0,tensor(0),0,tensor(0),0,tensor(0),0,tensor(0)
332,"    # Path to SARIF file relative to the root of the repository
       # Makes sure your .dockleignore file is available to the next step
       # Makes sure your .dockleignore file is available to the next step
      # Here you might use a docker login action, or something else
","[0, 0, 0, 0, 0, 0, 1, 0, 0, 0, 0, 1, 0, 0, 0, 0, 0, 0, 0, 0, 0, 0, 0, 0, 0, 0, 0, 0, 0, 0]",0,tensor(0),0,tensor(0),0,tensor(0),0,tensor(0),0,tensor(0),0,tensor(0),1,tensor(0),0,tensor(0),0,tensor(0),0,tensor(0),0,tensor(0),1,tensor(1),0,tensor(0),0,tensor(0),0,tensor(0),0,tensor(0),0,tensor(0),0,tensor(0),0,tensor(0),0,tensor(0),0,tensor(0),0,tensor(0),0,tensor(0),0,tensor(0),0,tensor(0),0,tensor(0),0,tensor(0),0,tensor(0),0,tensor(0),0,tensor(0)
333, " # notifies that all test jobs are finished.","[0, 0, 1, 0, 0, 0, 0, 0, 0, 0, 0, 1, 0, 0, 0, 0, 0, 0, 0, 0, 0, 0, 0, 0, 0, 0, 0, 0, 0, 0]",0,tensor(0),0,tensor(0),1,tensor(1),0,tensor(0),0,tensor(0),0,tensor(0),0,tensor(0),0,tensor(0),0,tensor(0),0,tensor(0),0,tensor(0),1,tensor(1),0,tensor(0),0,tensor(0),0,tensor(0),0,tensor(0),0,tensor(0),0,tensor(0),0,tensor(0),0,tensor(0),0,tensor(0),0,tensor(0),0,tensor(0),0,tensor(0),0,tensor(0),0,tensor(0),0,tensor(0),0,tensor(0),0,tensor(0),0,tensor(0)
334,"# .github/workflows/issue-on-push.yml","[0, 0, 0, 0, 0, 0, 0, 0, 0, 0, 0, 0, 0, 1, 0, 1, 0, 0, 0, 0, 0, 0, 0, 0, 0, 0, 0, 0, 0, 0]",0,tensor(0),0,tensor(0),0,tensor(0),0,tensor(0),0,tensor(0),0,tensor(0),0,tensor(0),0,tensor(0),0,tensor(0),0,tensor(0),0,tensor(0),0,tensor(0),0,tensor(0),1,tensor(1),0,tensor(0),1,tensor(1),0,tensor(0),0,tensor(0),0,tensor(0),0,tensor(0),0,tensor(0),0,tensor(0),0,tensor(0),0,tensor(0),0,tensor(0),0,tensor(0),0,tensor(0),0,tensor(0),0,tensor(0),0,tensor(0)
335,"      # Arguments to be passed to cmake-format.
      #
      # Options:
      #   -h, --help            show this help message and exit
      #   -v, --version         show program's version number and exit
      #   -l {error,warning,info,debug}, --log-level {error,warning,info,debug}
      #   --dump-config [{yaml,json,python}]
      #                         If specified, print the default configuration to stdout and exit
      #   --dump {lex,parse,parsedb,layout,markup}
      #   --no-help             When used with --dump-config, will omit helptext comments in the output
      #   --no-default          When used with --dump-config, will omit any unmodified configuration value.
      #   -i, --in-place
      #   --check               Exit with status code 0 if formatting would not change file contents, or status code 1 if it would
      #   -o OUTFILE_PATH, --outfile-path OUTFILE_PATH
      #                         Where to write the formatted file. Default is stdout.
      #   -c CONFIG_FILES [CONFIG_FILES ...], --config-files CONFIG_FILES [CONFIG_FILES ...]
      #                         path to configuration file(s)
","[0, 0, 0, 0, 0, 0, 0, 0, 0, 0, 1, 1, 0, 0, 0, 0, 0, 0, 0, 0, 0, 0, 0, 0, 0, 0, 0, 0, 0, 0]",0,tensor(0),0,tensor(0),0,tensor(0),0,tensor(0),0,tensor(0),0,tensor(0),0,tensor(0),0,tensor(0),0,tensor(0),0,tensor(0),1,tensor(1),1,tensor(1),0,tensor(0),0,tensor(0),0,tensor(0),0,tensor(0),0,tensor(0),0,tensor(0),0,tensor(0),0,tensor(0),0,tensor(0),0,tensor(0),0,tensor(0),0,tensor(0),0,tensor(0),0,tensor(0),0,tensor(0),0,tensor(0),0,tensor(0),0,tensor(0)
336,"##[error] HttpError: Resource not accessible by integration
##[error] Resource not accessible by integration
##[error] Node run failed with exit code 1
","[0, 0, 0, 0, 0, 0, 0, 0, 0, 0, 0, 0, 0, 0, 0, 1, 0, 0, 0, 0, 0, 0, 0, 1, 0, 0, 0, 0, 0, 0]",0,tensor(0),0,tensor(0),0,tensor(0),0,tensor(0),0,tensor(0),0,tensor(0),0,tensor(0),0,tensor(0),0,tensor(0),0,tensor(0),0,tensor(0),0,tensor(0),0,tensor(0),0,tensor(0),0,tensor(0),1,tensor(0),0,tensor(0),0,tensor(0),0,tensor(0),0,tensor(0),0,tensor(0),0,tensor(0),0,tensor(0),1,tensor(1),0,tensor(0),0,tensor(0),0,tensor(0),0,tensor(0),0,tensor(0),0,tensor(0)
337,"##[error] HttpError: Resource not accessible by integration
##[error] Resource not accessible by integration
##[error] Node run failed with exit code 1

# Add \'label1\' to any changes within \'example\' folder or any subfolders
# Add \'label2\' to any file changes within \'example2\' folder

# Add \'repo\' label to any root file changes
# Add \'@domain/core\' label to any change within the \'core\' package
# Add \'test\' label to any change to *.spec.js files within the source dir
","[0, 0, 0, 0, 0, 0, 0, 0, 0, 0, 0, 0, 0, 0, 0, 1, 0, 0, 0, 0, 0, 0, 0, 1, 0, 0, 0, 0, 0, 0]",0,tensor(0),0,tensor(0),0,tensor(0),0,tensor(0),0,tensor(0),0,tensor(0),0,tensor(0),0,tensor(0),0,tensor(0),0,tensor(0),0,tensor(0),0,tensor(0),0,tensor(0),0,tensor(0),0,tensor(0),1,tensor(0),0,tensor(0),0,tensor(0),0,tensor(0),0,tensor(0),0,tensor(0),0,tensor(0),0,tensor(0),1,tensor(1),0,tensor(0),0,tensor(0),0,tensor(0),0,tensor(0),0,tensor(0),0,tensor(0)
338,"# or specify a path!
# or specify more flags!
","[0, 0, 0, 0, 0, 0, 0, 0, 0, 0, 0, 1, 0, 0, 0, 0, 0, 0, 0, 1, 0, 0, 0, 0, 0, 0, 0, 0, 0, 0]",0,tensor(0),0,tensor(0),0,tensor(0),0,tensor(0),0,tensor(0),0,tensor(0),0,tensor(0),0,tensor(0),0,tensor(0),0,tensor(0),0,tensor(0),1,tensor(0),0,tensor(0),0,tensor(0),0,tensor(0),0,tensor(0),0,tensor(0),0,tensor(0),0,tensor(0),1,tensor(1),0,tensor(0),0,tensor(0),0,tensor(0),0,tensor(0),0,tensor(0),0,tensor(0),0,tensor(0),0,tensor(0),0,tensor(0),0,tensor(0)
339,"# you can use glob pattern
# you can set multiple reviewers
# you can set team reviewers (repo scope token required)

# it will matches only js files under the root directory
# it will matches `.github/foo.yaml` but not `.github/workflows/bar.yaml`
# it will match any files
","[0, 0, 0, 0, 0, 0, 0, 0, 0, 0, 1, 0, 0, 0, 0, 0, 0, 0, 0, 1, 0, 0, 0, 0, 0, 0, 0, 0, 0, 0]",0,tensor(0),0,tensor(0),0,tensor(0),0,tensor(0),0,tensor(0),0,tensor(0),0,tensor(0),0,tensor(0),0,tensor(0),0,tensor(0),1,tensor(1),0,tensor(0),0,tensor(0),0,tensor(0),0,tensor(0),0,tensor(0),0,tensor(0),0,tensor(0),0,tensor(0),1,tensor(1),0,tensor(0),0,tensor(0),0,tensor(0),0,tensor(0),0,tensor(0),0,tensor(0),0,tensor(0),0,tensor(0),0,tensor(0),0,tensor(0)
340,"      # Trigger the action only on relevant activity types.
      # It\'s actually not harmful to trigger the action on all activity types.
# A GitHub token created for a PR coming from a fork doesn\'t have
# \'admin\' or \'write\' permission (which is required to add labels)
# To avoid this issue, you can use the `scheduled` event and run
# this action on a certain interval.
","[0, 0, 0, 0, 0, 1, 0, 0, 0, 0, 0, 0, 0, 0, 0, 0, 0, 0, 0, 0, 0, 0, 0, 1, 0, 0, 0, 0, 0, 0]",0,tensor(0),0,tensor(0),0,tensor(0),0,tensor(0),0,tensor(0),1,tensor(0),0,tensor(0),0,tensor(0),0,tensor(0),0,tensor(0),0,tensor(0),0,tensor(0),0,tensor(0),0,tensor(1),0,tensor(0),0,tensor(1),0,tensor(0),0,tensor(0),0,tensor(0),0,tensor(0),0,tensor(0),0,tensor(0),0,tensor(0),1,tensor(1),0,tensor(0),0,tensor(0),0,tensor(0),0,tensor(0),0,tensor(0),0,tensor(0)
341,"
# Just static OTF fonts
# All static formats
# All variable formats
# Just variable TTF format
","[0, 0, 0, 0, 0, 0, 0, 0, 0, 0, 0, 0, 1, 0, 0, 0, 0, 0, 0, 1, 0, 0, 0, 0, 0, 0, 0, 0, 0, 0]",0,tensor(0),0,tensor(0),0,tensor(0),0,tensor(0),0,tensor(0),0,tensor(0),0,tensor(0),0,tensor(0),0,tensor(0),0,tensor(0),0,tensor(0),0,tensor(0),1,tensor(0),0,tensor(0),0,tensor(0),0,tensor(0),0,tensor(0),0,tensor(0),0,tensor(0),1,tensor(1),0,tensor(1),0,tensor(0),0,tensor(0),0,tensor(0),0,tensor(0),0,tensor(0),0,tensor(0),0,tensor(0),0,tensor(0),0,tensor(0)
342,"          #(default) static_list: ${{ github.repository }}
          #(default) traffic_branch: traffic
          #(default) views_color: brightgreen
          #(default) clones_color: brightgreen
          #(default) views_week_color: brightgreen
          #(default) clones_week_color: brightgreen
          #(default) total_views_color: brightgreen
          #(default) total_clones_color: brightgreen
          #(default) total_views_week_color: brightgreen
          #(default) total_clones_week_color: brightgreen
          #(default) logo: github
  # Maintain dependencies for GitHub Actions
","[0, 0, 0, 0, 0, 0, 0, 0, 0, 1, 0, 0, 0, 0, 1, 0, 0, 0, 0, 0, 0, 0, 0, 0, 0, 0, 0, 0, 0, 0]",0,tensor(0),0,tensor(0),0,tensor(0),0,tensor(0),0,tensor(0),0,tensor(0),0,tensor(0),0,tensor(0),0,tensor(0),1,tensor(0),0,tensor(0),0,tensor(0),0,tensor(0),0,tensor(0),1,tensor(0),0,tensor(0),0,tensor(0),0,tensor(0),0,tensor(0),0,tensor(0),0,tensor(0),0,tensor(0),0,tensor(0),0,tensor(0),0,tensor(0),0,tensor(0),0,tensor(0),0,tensor(0),0,tensor(0),0,tensor(0)
343,"        # Such as https://github.com/wangchucheng/git-repo-sync.git
        # Such as wangchucheng
        # You can store token in your project's 'Setting > Secrets' and reference the name here. Such as ${{ secrets.ACCESS_TOKEN }}
","[0, 0, 0, 0, 0, 0, 0, 0, 0, 0, 0, 0, 0, 0, 0, 1, 0, 0, 0, 1, 0, 0, 0, 0, 0, 0, 0, 0, 0, 0]",0,tensor(0),0,tensor(0),0,tensor(0),0,tensor(0),0,tensor(0),0,tensor(0),0,tensor(0),0,tensor(0),0,tensor(0),0,tensor(0),0,tensor(0),0,tensor(0),0,tensor(0),0,tensor(0),0,tensor(0),1,tensor(0),0,tensor(0),0,tensor(0),0,tensor(0),1,tensor(1),0,tensor(0),0,tensor(0),0,tensor(0),0,tensor(0),0,tensor(0),0,tensor(0),0,tensor(0),0,tensor(0),0,tensor(0),0,tensor(0)
344,"# File: .github/workflows/workflow.yml","[0, 0, 0, 0, 0, 0, 0, 0, 0, 0, 0, 0, 0, 0, 0, 0, 0, 0, 0, 1, 1, 0, 0, 0, 0, 0, 0, 0, 0, 0]",0,tensor(0),0,tensor(0),0,tensor(0),0,tensor(0),0,tensor(0),0,tensor(0),0,tensor(0),0,tensor(0),0,tensor(0),0,tensor(0),0,tensor(0),0,tensor(0),0,tensor(0),0,tensor(0),0,tensor(0),0,tensor(0),0,tensor(0),0,tensor(0),0,tensor(0),1,tensor(1),1,tensor(1),0,tensor(0),0,tensor(0),0,tensor(0),0,tensor(0),0,tensor(0),0,tensor(0),0,tensor(0),0,tensor(0),0,tensor(0)
345,"  # Build job. Builds app for Android with Buildozer
  # Build job. Builds app for Android with Buildozer
# Format all files
","[0, 0, 0, 0, 0, 0, 0, 0, 0, 0, 0, 0, 1, 0, 0, 0, 0, 0, 0, 0, 1, 0, 0, 0, 0, 0, 0, 0, 0, 0]",0,tensor(0),0,tensor(0),0,tensor(0),0,tensor(0),0,tensor(0),0,tensor(0),0,tensor(0),0,tensor(0),0,tensor(0),0,tensor(0),0,tensor(0),0,tensor(0),1,tensor(1),0,tensor(0),0,tensor(0),0,tensor(0),0,tensor(0),0,tensor(0),0,tensor(0),0,tensor(0),1,tensor(1),0,tensor(0),0,tensor(0),0,tensor(0),0,tensor(0),0,tensor(0),0,tensor(0),0,tensor(0),0,tensor(0),0,tensor(0)
346, " # run eslint on all files if eslintrc changes","[0, 0, 0, 0, 0, 0, 0, 0, 0, 0, 0, 1, 0, 0, 0, 0, 0, 0, 0, 1, 0, 0, 0, 0, 0, 0, 0, 0, 0, 0]",0,tensor(0),0,tensor(0),0,tensor(0),0,tensor(0),0,tensor(0),0,tensor(0),0,tensor(0),0,tensor(0),0,tensor(0),0,tensor(0),0,tensor(0),1,tensor(1),0,tensor(0),0,tensor(0),0,tensor(0),0,tensor(0),0,tensor(0),0,tensor(0),0,tensor(0),1,tensor(1),0,tensor(0),0,tensor(0),0,tensor(0),0,tensor(0),0,tensor(0),0,tensor(0),0,tensor(0),0,tensor(0),0,tensor(0),0,tensor(0)
347,"# Features:
# Chores:
","[0, 0, 0, 0, 0, 0, 0, 0, 0, 0, 0, 0, 0, 1, 0, 0, 0, 0, 0, 0, 0, 0, 0, 1, 0, 0, 0, 0, 0, 0]",0,tensor(0),0,tensor(0),0,tensor(0),0,tensor(0),0,tensor(0),0,tensor(0),0,tensor(0),0,tensor(0),0,tensor(0),0,tensor(0),0,tensor(0),0,tensor(0),0,tensor(0),1,tensor(0),0,tensor(0),0,tensor(0),0,tensor(0),0,tensor(0),0,tensor(0),0,tensor(0),0,tensor(0),0,tensor(0),0,tensor(0),1,tensor(1),0,tensor(0),0,tensor(0),0,tensor(0),0,tensor(0),0,tensor(0),0,tensor(0)
348,"  # Define the job to run before your matrix job
  # Then use the output from the previous job in the matrix definition
","[0, 0, 0, 0, 0, 0, 0, 0, 0, 0, 0, 0, 0, 0, 0, 0, 0, 0, 0, 1, 1, 0, 0, 0, 0, 0, 0, 0, 0, 0]",0,tensor(0),0,tensor(0),0,tensor(0),0,tensor(0),0,tensor(0),0,tensor(0),0,tensor(0),0,tensor(0),0,tensor(0),0,tensor(0),0,tensor(0),0,tensor(0),0,tensor(0),0,tensor(0),0,tensor(0),0,tensor(0),0,tensor(0),0,tensor(0),0,tensor(0),1,tensor(1),1,tensor(1),0,tensor(0),0,tensor(0),0,tensor(0),0,tensor(0),0,tensor(0),0,tensor(0),0,tensor(0),0,tensor(0),0,tensor(0)
